{
    "sources": [
        {
            "DOI": "10.1002/jrsm.35",
            "ISSN": "17592879",
            "URL": "http://doi.wiley.com/10.1002/jrsm.35",
            "accessed": {
                "date-parts": []
            },
            "author": [
                {
                    "family": "Konstantopoulos",
                    "given": "Spyros"
                }
            ],
            "container-title": "Research Synthesis Methods",
            "id": "konstantopoulos2011",
            "issue": "1",
            "issued": {
                "date-parts": [
                    [
                        2011,
                        3
                    ]
                ]
            },
            "key": "JBSBX9ZW",
            "language": "en",
            "libraryid": "1",
            "page": "61-76",
            "providerkey": "2509FBBE-5BB0-44C4-B119-6083A81ED673",
            "source": "Crossref",
            "title": "Fixed effects and variance components estimation in three-level meta-analysis: Three-level meta-analysis",
            "title-short": "Fixed effects and variance components estimation in three-level meta-analysis",
            "type": "article-journal",
            "volume": "2"
        },
        {
            "DOI": "10.3102/10769986030003261",
            "ISSN": "1076-9986, 1935-1054",
            "URL": "http://journals.sagepub.com/doi/10.3102/10769986030003261",
            "accessed": {
                "date-parts": []
            },
            "author": [
                {
                    "family": "Viechtbauer",
                    "given": "Wolfgang"
                }
            ],
            "container-title": "Journal of Educational and Behavioral Statistics",
            "id": "viechtbauer2005",
            "issue": "3",
            "issued": {
                "date-parts": [
                    [
                        2005,
                        9
                    ]
                ]
            },
            "key": "D58ZIPD3",
            "language": "en",
            "libraryid": "1",
            "page": "261-293",
            "providerkey": "2509FBBE-5BB0-44C4-B119-6083A81ED673",
            "source": "Crossref",
            "title": "Bias and efficiency of meta-analytic variance estimators in the random-effects model",
            "type": "article-journal",
            "volume": "30"
        },
        {
            "DOI": "10.2307/3001666",
            "ISSN": "0006341X",
            "URL": "https://www.jstor.org/stable/3001666?origin=crossref",
            "accessed": {
                "date-parts": []
            },
            "author": [
                {
                    "family": "Cochran",
                    "given": "William G."
                }
            ],
            "container-title": "Biometrics",
            "id": "cochran1954",
            "issue": "1",
            "issued": {
                "date-parts": [
                    [
                        1954,
                        3
                    ]
                ]
            },
            "key": "XGJDP9D6",
            "libraryid": "1",
            "page": "101",
            "providerkey": "2509FBBE-5BB0-44C4-B119-6083A81ED673",
            "source": "Crossref",
            "title": "The combination of estimates from different experiments",
            "type": "article-journal",
            "volume": "10"
        },
        {
            "DOI": "10.1002/sim.1482",
            "ISSN": "1097-0258",
            "URL": "https://onlinelibrary.wiley.com/doi/abs/10.1002/sim.1482",
            "_eprint": "https://onlinelibrary.wiley.com/doi/pdf/10.1002/sim.1482",
            "accessed": {
                "date-parts": []
            },
            "author": [
                {
                    "family": "Knapp",
                    "given": "Guido"
                },
                {
                    "family": "Hartung",
                    "given": "Joachim"
                }
            ],
            "container-title": "Statistics in Medicine",
            "id": "knapp2003",
            "issue": "17",
            "issued": {
                "date-parts": [
                    [
                        2003
                    ]
                ]
            },
            "key": "V8TK72V3",
            "language": "fr",
            "libraryid": "1",
            "note": "_eprint: https://onlinelibrary.wiley.com/doi/pdf/10.1002/sim.1482",
            "page": "2693-2710",
            "providerkey": "2509FBBE-5BB0-44C4-B119-6083A81ED673",
            "rights": "Copyright © 2003 John Wiley & Sons, Ltd.",
            "source": "Wiley Online Library",
            "title": "Improved tests for a random effects meta-regression with a single covariate",
            "type": "article-journal",
            "volume": "22"
        },
        {
            "DOI": "10.1136/bmjopen-2015-010247",
            "ISSN": "2044-6055, 2044-6055",
            "PMID": "27406637",
            "URL": "https://bmjopen.bmj.com/content/6/7/e010247",
            "accessed": {
                "date-parts": []
            },
            "author": [
                {
                    "family": "IntHout",
                    "given": "Joanna"
                },
                {
                    "family": "Ioannidis",
                    "given": "John P. A."
                },
                {
                    "family": "Rovers",
                    "given": "Maroeska M."
                },
                {
                    "family": "Goeman",
                    "given": "Jelle J."
                }
            ],
            "container-title": "BMJ Open",
            "id": "inthout2016",
            "issue": "7",
            "issued": {
                "date-parts": [
                    [
                        2016,
                        7,
                        1
                    ]
                ]
            },
            "key": "8L3823KC",
            "language": "en",
            "libraryid": "1",
            "page": "e010247",
            "providerkey": "2509FBBE-5BB0-44C4-B119-6083A81ED673",
            "source": "bmjopen.bmj.com",
            "tex.ids": "IntHout2016PleaRoutinelya,",
            "title": "Plea for routinely presenting prediction intervals in meta-analysis",
            "type": "article-journal",
            "volume": "6"
        },
        {
            "DOI": "10.1136/bmj.d549",
            "ISSN": "0959-8138, 1468-5833",
            "URL": "https://www.bmj.com/lookup/doi/10.1136/bmj.d549",
            "accessed": {
                "date-parts": []
            },
            "author": [
                {
                    "family": "Riley",
                    "given": "R. D."
                },
                {
                    "family": "Higgins",
                    "given": "J. P. T."
                },
                {
                    "family": "Deeks",
                    "given": "J. J."
                }
            ],
            "container-title": "BMJ",
            "id": "riley2011",
            "issue": "feb10 2",
            "issued": {
                "date-parts": [
                    [
                        2011,
                        2,
                        10
                    ]
                ]
            },
            "key": "93G5VMPU",
            "language": "en",
            "libraryid": "1",
            "page": "d549-d549",
            "providerkey": "2509FBBE-5BB0-44C4-B119-6083A81ED673",
            "source": "Crossref",
            "title": "Interpretation of random effects meta-analyses",
            "type": "article-journal",
            "volume": "342"
        },
        {
            "URL": "http://www.r-project.org/",
            "author": [
                {
                    "family": "R Core Team"
                }
            ],
            "id": "rcoreteam2020",
            "issued": {
                "date-parts": [
                    [
                        2020,
                        6,
                        22
                    ]
                ]
            },
            "key": "MWUKNHJZ",
            "libraryid": "1",
            "providerkey": "2509FBBE-5BB0-44C4-B119-6083A81ED673",
            "publisher": "R Foundation for Statistical Computing",
            "publisher-place": "Vienna, Austria",
            "title": "R: a language and environment for statistical computing",
            "title-short": "R",
            "type": "book",
            "versionnumber": "4.0.2"
        },
        {
            "DOI": "10.18637/jss.v036.i03",
            "ISSN": "1548-7660",
            "URL": "http://www.jstatsoft.org/v36/i03/",
            "accessed": {
                "date-parts": []
            },
            "author": [
                {
                    "family": "Viechtbauer",
                    "given": "Wolfgang"
                }
            ],
            "container-title": "Journal of Statistical Software",
            "id": "viechtbauer2010",
            "issue": "3",
            "issued": {
                "date-parts": [
                    [
                        2010
                    ]
                ]
            },
            "key": "V84FAFYC",
            "language": "en",
            "libraryid": "1",
            "providerkey": "2509FBBE-5BB0-44C4-B119-6083A81ED673",
            "source": "CrossRef",
            "title": "Conducting meta-analyses in <i>R</i> with the <b>metafor</b> package",
            "type": "article-journal",
            "volume": "36"
        },
        {
            "DOI": "10.1002/jrsm.1164",
            "ISSN": "1759-2887",
            "URL": "http://onlinelibrary.wiley.com/doi/10.1002/jrsm.1164/abstract",
            "author": [
                {
                    "family": "Veroniki",
                    "given": "Areti Angeliki"
                },
                {
                    "family": "Jackson",
                    "given": "Dan"
                },
                {
                    "family": "Viechtbauer",
                    "given": "Wolfgang"
                },
                {
                    "family": "Bender",
                    "given": "Ralf"
                },
                {
                    "family": "Bowden",
                    "given": "Jack"
                },
                {
                    "family": "Knapp",
                    "given": "Guido"
                },
                {
                    "family": "Kuss",
                    "given": "Oliver"
                },
                {
                    "family": "Higgins",
                    "given": "Julian PT"
                },
                {
                    "family": "Langan",
                    "given": "Dean"
                },
                {
                    "family": "Salanti",
                    "given": "Georgia"
                }
            ],
            "container-title": "Research Synthesis Methods",
            "container-title-short": "RSM",
            "id": "veroniki2016",
            "issue": "1",
            "issued": {
                "date-parts": [
                    [
                        2016,
                        3,
                        1
                    ]
                ]
            },
            "key": "E336PA8G",
            "language": "en",
            "libraryid": "1",
            "page": "55-79",
            "providerkey": "2509FBBE-5BB0-44C4-B119-6083A81ED673",
            "source": "Wiley Online Library",
            "title": "Methods to estimate the between-study variance and its uncertainty in meta-analysis",
            "type": "article-journal",
            "volume": "7"
        },
        {
            "DOI": "10.1027/0044-3409.215.2.104",
            "ISSN": "0044-3409",
            "URL": "https://econtent.hogrefe.com/doi/abs/10.1027/0044-3409.215.2.104",
            "accessed": {
                "date-parts": []
            },
            "author": [
                {
                    "family": "Viechtbauer",
                    "given": "Wolfgang"
                }
            ],
            "container-title": "Zeitschrift für Psychologie",
            "container-title-short": "Z. Psychol.",
            "id": "viechtbauer2007",
            "issue": "2",
            "issued": {
                "date-parts": [
                    [
                        2007,
                        1,
                        1
                    ]
                ]
            },
            "key": "2LLGQPDQ",
            "libraryid": "1",
            "page": "104-121",
            "providerkey": "2509FBBE-5BB0-44C4-B119-6083A81ED673",
            "source": "econtent.hogrefe.com (Atypon)",
            "title": "Accounting for heterogeneity via random-effects models and moderator analyses in meta-analysis",
            "type": "article-journal",
            "volume": "215"
        },
        {
            "DOI": "10.1002/jrsm.11",
            "ISSN": "17592879",
            "URL": "http://doi.wiley.com/10.1002/jrsm.11",
            "accessed": {
                "date-parts": []
            },
            "author": [
                {
                    "family": "Viechtbauer",
                    "given": "Wolfgang"
                },
                {
                    "family": "Cheung",
                    "given": "Mike W.-L."
                }
            ],
            "container-title": "Research Synthesis Methods",
            "id": "viechtbauer2010a",
            "issue": "2",
            "issued": {
                "date-parts": [
                    [
                        2010,
                        4
                    ]
                ]
            },
            "key": "EMDJCCPB",
            "language": "en",
            "libraryid": "1",
            "page": "112-125",
            "providerkey": "2509FBBE-5BB0-44C4-B119-6083A81ED673",
            "source": "Crossref",
            "title": "Outlier and influence diagnostics for meta-analysis",
            "type": "article-journal",
            "volume": "1"
        },
        {
            "author": [
                {
                    "family": "Morris",
                    "given": "Scott B."
                }
            ],
            "container-author": [
                {
                    "family": "Brannick (Chair)",
                    "given": "Michael T."
                }
            ],
            "container-title": "Advances in meta-analysis",
            "event": "Society for Industrial and Organizational Psychology conference",
            "event-place": "Orlando, FL",
            "genre": "Symposium",
            "id": "MorrisEstimatingeffectsize2003",
            "issued": {
                "date-parts": [
                    [
                        2003,
                        4
                    ]
                ]
            },
            "language": "en",
            "publisher-place": "Orlando, FL",
            "title": "Estimating effect size from the pretest-posttest-control design",
            "type": "speech"
        },
        {
            "DOI": "10.1207/S15327906MBR3403_2",
            "ISSN": "0027-3171",
            "URL": "https://doi.org/10.1207/S15327906MBR3403_2",
            "accessed": {
                "date-parts": [
                    [
                        2020,
                        4,
                        26
                    ]
                ]
            },
            "author": [
                {
                    "family": "Cohen",
                    "given": "Patricia"
                },
                {
                    "family": "Cohen",
                    "given": "Jacob"
                },
                {
                    "family": "Aiken",
                    "given": "Leona S."
                },
                {
                    "family": "West",
                    "given": "Stephen G."
                }
            ],
            "container-title": "Multivariate Behavioral Research",
            "id": "Cohen1999POMPscores",
            "issue": "3",
            "issued": {
                "date-parts": [
                    [
                        1999,
                        7,
                        1
                    ]
                ]
            },
            "note": "_eprint: https://doi.org/10.1207/S15327906MBR3403_2",
            "page": "315-346",
            "publisher": "Routledge",
            "source": "Taylor and Francis+NEJM",
            "title": "The problem of units and the circumstance for POMP",
            "type": "article-journal",
            "volume": "34"
        },
        {
            "DOI": "10.1136/bmj.c221",
            "ISSN": "0959-8138, 1468-5833",
            "PMID": "20139215",
            "URL": "https://www.bmj.com/content/340/bmj.c221",
            "accessed": {
                "date-parts": [
                    [
                        2019,
                        11,
                        3
                    ]
                ]
            },
            "author": [
                {
                    "family": "Riley",
                    "given": "Richard D."
                },
                {
                    "family": "Lambert",
                    "given": "Paul C."
                },
                {
                    "family": "Abo-Zaid",
                    "given": "Ghada"
                }
            ],
            "container-title": "BMJ",
            "container-title-short": "BMJ",
            "id": "Riley2010IPDmeta",
            "issued": {
                "date-parts": [
                    [
                        2010,
                        2,
                        5
                    ]
                ]
            },
            "language": "en",
            "page": "c221",
            "source": "www.bmj.com",
            "title": "Meta-analysis of individual participant data: rationale, conduct, and reporting",
            "title-short": "Meta-analysis of individual participant data",
            "type": "article-journal",
            "volume": "340"
        },
        {
            "DOI": "10.18637/jss.v067.i01",
            "ISSN": "1548-7660",
            "URL": "http://www.jstatsoft.org/v67/i01/",
            "accessed": {
                "date-parts": [
                    [
                        2019,
                        3,
                        21
                    ]
                ]
            },
            "author": [
                {
                    "family": "Bates",
                    "given": "Douglas"
                },
                {
                    "family": "Mächler",
                    "given": "Martin"
                },
                {
                    "family": "Bolker",
                    "given": "Ben"
                },
                {
                    "family": "Walker",
                    "given": "Steve"
                }
            ],
            "container-title": "Journal of Statistical Software",
            "id": "lme4article",
            "issued": {
                "date-parts": [
                    [
                        2015
                    ]
                ]
            },
            "language": "en",
            "page": "1",
            "source": "Crossref",
            "title": "Fitting linear mixed-effects models using <i>lme4</i>",
            "type": "article-journal",
            "volume": "67"
        }
    ],
    "project_biblios": []
}